{"cameraMode":{"drawMode":0,"name":"Shaded","section":"Shading Mode"},"sceneLighting":false,"audioPlay":false,"sceneViewState":{"m_AlwaysRefresh":false,"showFog":true,"showSkybox":false,"showFlares":true,"showImageEffects":true,"showParticleSystems":true,"showVisualEffectGraphs":true,"m_FxEnabled":true},"in2DMode":false,"pivot":{"x":-0.3967428207397461,"y":0.0006690025329589844,"z":0.003422856330871582},"rotation":{"x":-0.07464529573917389,"y":-0.5605745315551758,"z":0.05037863552570343,"w":-0.8231927752494812},"size":21.854700088500978,"orthographic":false}