{"cameraMode":{"drawMode":0,"name":"Shaded","section":"Shading Mode"},"sceneLighting":true,"audioPlay":false,"sceneViewState":{"m_AlwaysRefresh":false,"showFog":true,"showSkybox":false,"showFlares":true,"showImageEffects":true,"showParticleSystems":true,"showVisualEffectGraphs":true,"m_FxEnabled":true},"in2DMode":false,"pivot":{"x":0.9897426962852478,"y":-51.954254150390628,"z":124.6296615600586},"rotation":{"x":-0.2843123972415924,"y":0.0006182653596624732,"z":-0.00007302817539311945,"w":-0.958691418170929},"size":71.86701202392578,"orthographic":false}