{"cameraMode":{"drawMode":0,"name":"Shaded","section":"Shading Mode"},"sceneLighting":true,"audioPlay":false,"sceneViewState":{"m_AlwaysRefresh":false,"showFog":true,"showSkybox":false,"showFlares":true,"showImageEffects":true,"showParticleSystems":true,"showVisualEffectGraphs":true,"m_FxEnabled":true},"in2DMode":false,"pivot":{"x":3.507505178451538,"y":17.538158416748048,"z":-4.150761604309082},"rotation":{"x":-0.13781432807445527,"y":-0.023464569821953775,"z":0.0033330011647194626,"w":-0.9901405572891235},"size":13.83590316772461,"orthographic":false}