{"cameraMode":{"drawMode":0,"name":"Shaded","section":"Shading Mode"},"sceneLighting":true,"audioPlay":false,"sceneViewState":{"m_AlwaysRefresh":false,"showFog":true,"showSkybox":false,"showFlares":true,"showImageEffects":true,"showParticleSystems":true,"showVisualEffectGraphs":true,"m_FxEnabled":true},"in2DMode":false,"pivot":{"x":9.518771171569825,"y":41.59498596191406,"z":175.63150024414063},"rotation":{"x":0.019190002232789995,"y":-0.03505975753068924,"z":-0.0005800156504847109,"w":-0.999184787273407},"size":90.13729095458985,"orthographic":false}