{"cameraMode":{"drawMode":0,"name":"Shaded","section":"Shading Mode"},"sceneLighting":false,"audioPlay":false,"sceneViewState":{"m_AlwaysRefresh":false,"showFog":true,"showSkybox":false,"showFlares":true,"showImageEffects":true,"showParticleSystems":true,"showVisualEffectGraphs":true,"m_FxEnabled":true},"in2DMode":false,"pivot":{"x":-1.8871492147445679,"y":0.06089162826538086,"z":0.10652625560760498},"rotation":{"x":-0.07464529573917389,"y":-0.5605745315551758,"z":0.05037863552570343,"w":-0.8231927752494812},"size":32.08052444458008,"orthographic":false}