{"cameraMode":{"drawMode":0,"name":"Shaded","section":"Shading Mode"},"sceneLighting":true,"audioPlay":false,"sceneViewState":{"m_AlwaysRefresh":false,"showFog":true,"showSkybox":false,"showFlares":true,"showImageEffects":true,"showParticleSystems":true,"showVisualEffectGraphs":true,"m_FxEnabled":true},"in2DMode":false,"pivot":{"x":-40.491554260253909,"y":152.94464111328126,"z":-105.22071075439453},"rotation":{"x":0.0009396977839060128,"y":0.990797758102417,"z":-0.1348782777786255,"w":0.007761497516185045},"size":154.3378448486328,"orthographic":true}