{"cameraMode":{"drawMode":0,"name":"Shaded","section":"Shading Mode"},"sceneLighting":true,"audioPlay":false,"sceneViewState":{"m_AlwaysRefresh":false,"showFog":true,"showSkybox":false,"showFlares":true,"showImageEffects":true,"showParticleSystems":true,"showVisualEffectGraphs":true,"m_FxEnabled":true},"in2DMode":false,"pivot":{"x":1.741907000541687,"y":10.8770112991333,"z":-13.443477630615235},"rotation":{"x":-0.11702907830476761,"y":-0.003850610228255391,"z":0.0005399950896389782,"w":-0.9931091666221619},"size":1.4660253524780274,"orthographic":false}