{"cameraMode":{"drawMode":0,"name":"Shaded","section":"Shading Mode"},"sceneLighting":false,"audioPlay":false,"sceneViewState":{"m_AlwaysRefresh":false,"showFog":true,"showSkybox":false,"showFlares":true,"showImageEffects":true,"showParticleSystems":true,"showVisualEffectGraphs":true,"m_FxEnabled":true},"in2DMode":false,"pivot":{"x":-0.011070423759520054,"y":42.064971923828128,"z":-4.2519001960754398},"rotation":{"x":-0.07187623530626297,"y":-0.29405468702316286,"z":0.021790463477373124,"w":-0.9528330564498901},"size":196.07127380371095,"orthographic":false}