{"cameraMode":{"drawMode":0,"name":"Shaded","section":"Shading Mode"},"sceneLighting":false,"audioPlay":false,"sceneViewState":{"m_AlwaysRefresh":false,"showFog":true,"showSkybox":false,"showFlares":true,"showImageEffects":true,"showParticleSystems":true,"showVisualEffectGraphs":true,"m_FxEnabled":true},"in2DMode":false,"pivot":{"x":-0.017942139878869058,"y":6.447607517242432,"z":0.051092155277729037},"rotation":{"x":-0.07464529573917389,"y":-0.5605745315551758,"z":0.05037863552570343,"w":-0.8231927752494812},"size":156.8570556640625,"orthographic":false}