{"cameraMode":{"drawMode":0,"name":"Shaded","section":"Shading Mode"},"sceneLighting":true,"audioPlay":false,"sceneViewState":{"m_AlwaysRefresh":false,"showFog":true,"showSkybox":false,"showFlares":true,"showImageEffects":true,"showParticleSystems":true,"showVisualEffectGraphs":true,"m_FxEnabled":true},"in2DMode":false,"pivot":{"x":13.322794914245606,"y":10.755646705627442,"z":120.31830596923828},"rotation":{"x":-0.16423280537128449,"y":-0.0600070059299469,"z":0.010079470463097096,"w":-0.9845008850097656},"size":78.13085174560547,"orthographic":false}