{"cameraMode":{"drawMode":0,"name":"Shaded","section":"Shading Mode"},"sceneLighting":true,"audioPlay":false,"sceneViewState":{"m_AlwaysRefresh":false,"showFog":true,"showSkybox":false,"showFlares":true,"showImageEffects":true,"showParticleSystems":true,"showVisualEffectGraphs":true,"m_FxEnabled":true},"in2DMode":false,"pivot":{"x":-14.121538162231446,"y":53.573822021484378,"z":121.11959075927735},"rotation":{"x":-0.0691351667046547,"y":0.05594857409596443,"z":-0.0038558596279472114,"w":-0.9959967732429504},"size":72.03004455566406,"orthographic":false}