{"cameraMode":{"drawMode":0,"name":"Shaded","section":"Shading Mode"},"sceneLighting":true,"audioPlay":false,"sceneViewState":{"m_AlwaysRefresh":false,"showFog":true,"showSkybox":false,"showFlares":true,"showImageEffects":true,"showParticleSystems":true,"showVisualEffectGraphs":true,"m_FxEnabled":true},"in2DMode":false,"pivot":{"x":-0.40428876876831057,"y":37.15428161621094,"z":41.0000114440918},"rotation":{"x":-0.0022887212689965965,"y":-0.9976357817649841,"z":0.05273429676890373,"w":-0.04368455335497856},"size":11.059636116027832,"orthographic":false}