{"cameraMode":{"drawMode":0,"name":"Shaded","section":"Shading Mode"},"sceneLighting":true,"audioPlay":false,"sceneViewState":{"m_AlwaysRefresh":false,"showFog":true,"showSkybox":false,"showFlares":true,"showImageEffects":true,"showParticleSystems":true,"showVisualEffectGraphs":true,"m_FxEnabled":true},"in2DMode":false,"pivot":{"x":-2.9313788414001467,"y":28.906953811645509,"z":-20.584009170532228},"rotation":{"x":-0.11108367890119553,"y":-0.012590236030519009,"z":0.0013433450367301703,"w":-0.9937906861305237},"size":5.5237860679626469,"orthographic":false}