{"cameraMode":{"drawMode":0,"name":"Shaded","section":"Shading Mode"},"sceneLighting":true,"audioPlay":false,"sceneViewState":{"m_AlwaysRefresh":false,"showFog":true,"showSkybox":false,"showFlares":true,"showImageEffects":true,"showParticleSystems":true,"showVisualEffectGraphs":true,"m_FxEnabled":true},"in2DMode":false,"pivot":{"x":2.2091991901397707,"y":-2.8040928840637209,"z":-202.6399383544922},"rotation":{"x":0.00016063566727098078,"y":0.9944671392440796,"z":-0.10511595010757446,"w":0.0014765486121177674},"size":107.61710357666016,"orthographic":false}