{"cameraMode":{"drawMode":0,"name":"Shaded","section":"Shading Mode"},"sceneLighting":true,"audioPlay":false,"sceneViewState":{"m_AlwaysRefresh":false,"showFog":true,"showSkybox":false,"showFlares":true,"showImageEffects":true,"showParticleSystems":true,"showVisualEffectGraphs":true,"m_FxEnabled":true},"in2DMode":false,"pivot":{"x":30.552804946899415,"y":-12.185195922851563,"z":137.9927215576172},"rotation":{"x":0.06732931733131409,"y":0.11049669235944748,"z":-0.007516025565564632,"w":0.9915586709976196},"size":69.87623596191406,"orthographic":false}