{"cameraMode":{"drawMode":0,"name":"Shaded","section":"Shading Mode"},"sceneLighting":true,"audioPlay":false,"sceneViewState":{"m_AlwaysRefresh":false,"showFog":true,"showSkybox":false,"showFlares":true,"showImageEffects":true,"showParticleSystems":true,"showVisualEffectGraphs":true,"m_FxEnabled":true},"in2DMode":false,"pivot":{"x":0.11075971275568009,"y":49.068626403808597,"z":97.12945556640625},"rotation":{"x":0.026687216013669969,"y":-0.004534595645964146,"z":-0.00010525569814490154,"w":-0.9996233582496643},"size":40.5337028503418,"orthographic":false}