{"cameraMode":{"drawMode":0,"name":"Shaded","section":"Shading Mode"},"sceneLighting":true,"audioPlay":false,"sceneViewState":{"m_AlwaysRefresh":false,"showFog":true,"showSkybox":false,"showFlares":true,"showImageEffects":true,"showParticleSystems":true,"showVisualEffectGraphs":true,"m_FxEnabled":true},"in2DMode":false,"pivot":{"x":4.5606231689453129,"y":-2.677082061767578,"z":34.72261047363281},"rotation":{"x":0.20865677297115327,"y":-0.029380040243268014,"z":0.006142983213067055,"w":0.9774976372718811},"size":24.52768325805664,"orthographic":false}