{"cameraMode":{"drawMode":0,"name":"Shaded","section":"Shading Mode"},"sceneLighting":true,"audioPlay":false,"sceneViewState":{"m_AlwaysRefresh":false,"showFog":true,"showSkybox":false,"showFlares":true,"showImageEffects":true,"showParticleSystems":true,"showVisualEffectGraphs":true,"m_FxEnabled":true},"in2DMode":false,"pivot":{"x":-12.458191871643067,"y":-39.699954986572269,"z":-66.47654724121094},"rotation":{"x":0.011187498457729817,"y":-0.9801211357116699,"z":0.18930664658546449,"w":0.057665273547172549},"size":81.86934661865235,"orthographic":false}