{"cameraMode":{"drawMode":0,"name":"Shaded","section":"Shading Mode"},"sceneLighting":true,"audioPlay":false,"sceneViewState":{"m_AlwaysRefresh":false,"showFog":true,"showSkybox":false,"showFlares":true,"showImageEffects":true,"showParticleSystems":true,"showVisualEffectGraphs":true,"m_FxEnabled":true},"in2DMode":false,"pivot":{"x":-3.3929874897003176,"y":48.63373565673828,"z":3.0410430431365969},"rotation":{"x":-0.045287296175956729,"y":0.018261728808283807,"z":-0.0008293853607028723,"w":-0.9988150596618652},"size":1.6858739115832578e-7,"orthographic":false}