{"cameraMode":{"drawMode":0,"name":"Shaded","section":"Shading Mode"},"sceneLighting":true,"audioPlay":false,"sceneViewState":{"m_AlwaysRefresh":false,"showFog":true,"showSkybox":false,"showFlares":true,"showImageEffects":true,"showParticleSystems":true,"showVisualEffectGraphs":true,"m_FxEnabled":true},"in2DMode":false,"pivot":{"x":47.910919189453128,"y":-15.904085159301758,"z":87.12199401855469},"rotation":{"x":0.16143129765987397,"y":0.3153369128704071,"z":-0.054729826748371127,"w":0.9334959387779236},"size":50.60139846801758,"orthographic":false}