{"cameraMode":{"drawMode":0,"name":"Shaded","section":"Shading Mode"},"sceneLighting":true,"audioPlay":false,"sceneViewState":{"m_AlwaysRefresh":false,"showFog":true,"showSkybox":false,"showFlares":true,"showImageEffects":true,"showParticleSystems":true,"showVisualEffectGraphs":true,"m_FxEnabled":true},"in2DMode":false,"pivot":{"x":10.306357383728028,"y":-116.90045166015625,"z":97.21026611328125},"rotation":{"x":-0.4544112980365753,"y":-0.058464791625738147,"z":0.029912101104855539,"w":-0.8883805274963379},"size":89.46931457519531,"orthographic":false}