{"cameraMode":{"drawMode":0,"name":"Shaded","section":"Shading Mode"},"sceneLighting":true,"audioPlay":false,"sceneViewState":{"m_AlwaysRefresh":false,"showFog":true,"showSkybox":false,"showFlares":true,"showImageEffects":true,"showParticleSystems":true,"showVisualEffectGraphs":true,"m_FxEnabled":true},"in2DMode":false,"pivot":{"x":6.692666053771973,"y":4.618020534515381,"z":99.1958999633789},"rotation":{"x":0.16871507465839387,"y":0.054639074951410297,"z":-0.009434936568140984,"w":0.9840628504753113},"size":71.45726013183594,"orthographic":false}