{"cameraMode":{"drawMode":0,"name":"Shaded","section":"Shading Mode"},"sceneLighting":true,"audioPlay":false,"sceneViewState":{"m_AlwaysRefresh":false,"showFog":true,"showSkybox":false,"showFlares":true,"showImageEffects":true,"showParticleSystems":true,"showVisualEffectGraphs":true,"m_FxEnabled":true},"in2DMode":false,"pivot":{"x":-0.039668332785367969,"y":25.62735366821289,"z":-6.302003383636475},"rotation":{"x":-0.24804815649986268,"y":0.004947713576257229,"z":-0.001593040651641786,"w":-0.96871018409729},"size":10.449999809265137,"orthographic":false}