{"cameraMode":{"drawMode":0,"name":"Shaded","section":"Shading Mode"},"sceneLighting":false,"audioPlay":false,"sceneViewState":{"m_AlwaysRefresh":false,"showFog":true,"showSkybox":false,"showFlares":true,"showImageEffects":true,"showParticleSystems":true,"showVisualEffectGraphs":true,"m_FxEnabled":true},"in2DMode":false,"pivot":{"x":0.9999979734420776,"y":1.6600000858306885,"z":0.9999980926513672},"rotation":{"x":-0.25149059295654299,"y":-0.24221572279930116,"z":0.06515643000602722,"w":-0.9347934722900391},"size":0.8237247467041016,"orthographic":false}