{"cameraMode":{"drawMode":0,"name":"Shaded","section":"Shading Mode"},"sceneLighting":true,"audioPlay":false,"sceneViewState":{"m_AlwaysRefresh":false,"showFog":true,"showSkybox":false,"showFlares":true,"showImageEffects":true,"showParticleSystems":true,"showVisualEffectGraphs":true,"m_FxEnabled":true},"in2DMode":false,"pivot":{"x":0.5502820611000061,"y":87.41927337646485,"z":16.340333938598634},"rotation":{"x":0.04059840366244316,"y":-0.09814763069152832,"z":0.003920369315892458,"w":0.9943196773529053},"size":10.478081703186036,"orthographic":false}