{"cameraMode":{"drawMode":0,"name":"Shaded","section":"Shading Mode"},"sceneLighting":true,"audioPlay":false,"sceneViewState":{"m_AlwaysRefresh":false,"showFog":true,"showSkybox":false,"showFlares":true,"showImageEffects":true,"showParticleSystems":true,"showVisualEffectGraphs":true,"m_FxEnabled":true},"in2DMode":false,"pivot":{"x":3.8419137001037599,"y":-2.5256242752075197,"z":21.399269104003908},"rotation":{"x":0.2904790937900543,"y":0.08055435866117478,"z":-0.02454530820250511,"w":0.9531686305999756},"size":22.017539978027345,"orthographic":false}