{"cameraMode":{"drawMode":0,"name":"Shaded","section":"Shading Mode"},"sceneLighting":true,"audioPlay":false,"sceneViewState":{"m_AlwaysRefresh":false,"showFog":true,"showSkybox":false,"showFlares":true,"showImageEffects":true,"showParticleSystems":true,"showVisualEffectGraphs":true,"m_FxEnabled":true},"in2DMode":false,"pivot":{"x":-2.9568965435028078,"y":29.4993839263916,"z":-13.262393951416016},"rotation":{"x":-0.07458552718162537,"y":0.0346924364566803,"z":0.0025607545394450428,"w":0.9965653419494629},"size":1.5039740800857545,"orthographic":false}