{"cameraMode":{"drawMode":0,"name":"Shaded","section":"Shading Mode"},"sceneLighting":true,"audioPlay":false,"sceneViewState":{"m_AlwaysRefresh":false,"showFog":true,"showSkybox":false,"showFlares":true,"showImageEffects":true,"showParticleSystems":true,"showVisualEffectGraphs":true,"m_FxEnabled":true},"in2DMode":false,"pivot":{"x":-2.3185572624206545,"y":25.949298858642579,"z":13.608705520629883},"rotation":{"x":0.04829028621315956,"y":0.007801700383424759,"z":-0.0003881813900079578,"w":0.9988188743591309},"size":7.244753360748291,"orthographic":false}