{"cameraMode":{"drawMode":0,"name":"Shaded","section":"Shading Mode"},"sceneLighting":false,"audioPlay":false,"sceneViewState":{"m_AlwaysRefresh":false,"showFog":true,"showSkybox":false,"showFlares":true,"showImageEffects":true,"showParticleSystems":true,"showVisualEffectGraphs":true,"m_FxEnabled":true},"in2DMode":false,"pivot":{"x":-0.6311501264572144,"y":39.90592956542969,"z":4.007863998413086},"rotation":{"x":-0.06564944237470627,"y":0.009278275072574616,"z":0.0005709945689886808,"w":0.9977908134460449},"size":1.2608147859573365,"orthographic":false}