{"cameraMode":{"drawMode":0,"name":"Shaded","section":"Shading Mode"},"sceneLighting":true,"audioPlay":false,"sceneViewState":{"m_AlwaysRefresh":false,"showFog":true,"showSkybox":false,"showFlares":true,"showImageEffects":true,"showParticleSystems":true,"showVisualEffectGraphs":true,"m_FxEnabled":true},"in2DMode":false,"pivot":{"x":21.042421340942384,"y":-28.795942306518556,"z":116.30912017822266},"rotation":{"x":-0.18649032711982728,"y":-0.04505094140768051,"z":0.008629719726741314,"w":-0.9813424348831177},"size":65.68279266357422,"orthographic":false}