{"cameraMode":{"drawMode":0,"name":"Shaded","section":"Shading Mode"},"sceneLighting":false,"audioPlay":false,"sceneViewState":{"m_AlwaysRefresh":false,"showFog":true,"showSkybox":false,"showFlares":true,"showImageEffects":true,"showParticleSystems":true,"showVisualEffectGraphs":true,"m_FxEnabled":true},"in2DMode":false,"pivot":{"x":1.6076263189315797,"y":0.28400811553001406,"z":-1.4206539392471314},"rotation":{"x":-0.22859947383403779,"y":0.3512745797634125,"z":-0.08892418444156647,"w":-0.9035937190055847},"size":2.577134132385254,"orthographic":false}