{"cameraMode":{"drawMode":0,"name":"Shaded","section":"Shading Mode"},"sceneLighting":true,"audioPlay":false,"sceneViewState":{"m_AlwaysRefresh":false,"showFog":true,"showSkybox":false,"showFlares":true,"showImageEffects":true,"showParticleSystems":true,"showVisualEffectGraphs":true,"m_FxEnabled":true},"in2DMode":false,"pivot":{"x":10.66175651550293,"y":34.59859848022461,"z":14.029815673828125},"rotation":{"x":0.08954916149377823,"y":0.21074309945106507,"z":-0.019017880782485009,"w":0.9732204079627991},"size":5.762026786804199,"orthographic":false}