{"cameraMode":{"drawMode":0,"name":"Shaded","section":"Shading Mode"},"sceneLighting":false,"audioPlay":false,"sceneViewState":{"m_AlwaysRefresh":false,"showFog":true,"showSkybox":false,"showFlares":true,"showImageEffects":true,"showParticleSystems":true,"showVisualEffectGraphs":true,"m_FxEnabled":true},"in2DMode":false,"pivot":{"x":0.01277303695678711,"y":-0.01309812068939209,"z":0.01794213056564331},"rotation":{"x":-0.07464529573917389,"y":-0.5605745315551758,"z":0.05037863552570343,"w":-0.8231927752494812},"size":9.82433032989502,"orthographic":false}