{"cameraMode":{"drawMode":0,"name":"Shaded","section":"Shading Mode"},"sceneLighting":false,"audioPlay":false,"sceneViewState":{"m_AlwaysRefresh":false,"showFog":true,"showSkybox":false,"showFlares":true,"showImageEffects":true,"showParticleSystems":true,"showVisualEffectGraphs":true,"m_FxEnabled":true},"in2DMode":false,"pivot":{"x":2.0313594341278078,"y":2.097032070159912,"z":-5.334418296813965},"rotation":{"x":0.20942799746990205,"y":-0.14254100620746613,"z":0.030928244814276696,"w":0.9669017195701599},"size":0.020500004291534425,"orthographic":false}