{"cameraMode":{"drawMode":0,"name":"Shaded","section":"Shading Mode"},"sceneLighting":true,"audioPlay":false,"sceneViewState":{"m_AlwaysRefresh":false,"showFog":true,"showSkybox":false,"showFlares":true,"showImageEffects":true,"showParticleSystems":true,"showVisualEffectGraphs":true,"m_FxEnabled":true},"in2DMode":false,"pivot":{"x":2.5655651092529299,"y":18.799909591674806,"z":25.562891006469728},"rotation":{"x":-0.04063529893755913,"y":-0.08920973539352417,"z":0.0036480934359133245,"w":-0.9951747059822083},"size":22.017539978027345,"orthographic":false}