{"cameraMode":{"drawMode":0,"name":"Shaded","section":"Shading Mode"},"sceneLighting":true,"audioPlay":false,"sceneViewState":{"m_AlwaysRefresh":false,"showFog":true,"showSkybox":false,"showFlares":true,"showImageEffects":true,"showParticleSystems":true,"showVisualEffectGraphs":true,"m_FxEnabled":true},"in2DMode":false,"pivot":{"x":-2.7406861782073976,"y":63.27446746826172,"z":5.215476036071777},"rotation":{"x":0.045256417244672778,"y":0.033564288169145587,"z":-0.001604727003723383,"w":0.9984150528907776},"size":1.2128926515579224,"orthographic":false}