{"cameraMode":{"drawMode":0,"name":"Shaded","section":"Shading Mode"},"sceneLighting":true,"audioPlay":false,"sceneViewState":{"m_AlwaysRefresh":false,"showFog":true,"showSkybox":false,"showFlares":true,"showImageEffects":true,"showParticleSystems":true,"showVisualEffectGraphs":true,"m_FxEnabled":true},"in2DMode":false,"pivot":{"x":20.204242706298829,"y":-54.416778564453128,"z":-55.99868392944336},"rotation":{"x":0.038743045181035998,"y":0.947311282157898,"z":-0.29180672764778139,"w":0.12610627710819245},"size":76.43816375732422,"orthographic":false}